frame,decision,left_status,right_status,detections
0,path clear,near,far,"chair:0.91:343,554,628,993;dining table:0.60:3,950,432,1532;chair:0.51:632,493,785,781"
1,path clear,near,far,"chair:0.91:344,554,630,989;dining table:0.63:3,949,434,1535;chair:0.41:638,494,786,780"
2,path clear,near,far,"chair:0.92:344,554,629,989;dining table:0.58:4,950,434,1532;chair:0.43:637,493,786,780"
3,path clear,near,far,"chair:0.92:344,554,631,989;dining table:0.61:4,949,434,1534"
4,path clear,near,far,"chair:0.92:344,554,633,991;dining table:0.60:3,947,435,1535"
5,path clear,near,far,"chair:0.92:344,553,633,989;dining table:0.59:3,947,437,1534;chair:0.45:639,492,787,778"
6,path clear,near,far,"chair:0.92:345,552,634,992;dining table:0.59:3,947,439,1534;chair:0.44:640,492,787,775"
7,path clear,near,far,"chair:0.91:346,551,633,990;dining table:0.56:3,947,439,1531;chair:0.44:640,491,788,776"
8,path clear,near,far,"chair:0.91:346,551,634,989;dining table:0.53:2,946,439,1528;chair:0.46:642,490,788,775"
9,path clear,near,far,"chair:0.90:347,550,634,984;dining table:0.56:3,947,439,1530;chair:0.50:639,487,789,776"
10,path clear,near,far,"chair:0.92:347,549,635,986;chair:0.59:637,487,789,778;dining table:0.57:2,946,437,1530"
11,path clear,near,far,"chair:0.92:348,549,637,991;chair:0.63:639,486,789,777;dining table:0.60:2,946,438,1530"
12,path clear,near,far,"chair:0.91:347,548,638,988;chair:0.64:636,488,790,767;dining table:0.60:2,945,436,1533"
13,path clear,near,far,"chair:0.91:348,548,638,997;dining table:0.58:2,945,437,1532;chair:0.56:638,487,790,767"
14,path clear,near,far,"chair:0.92:350,548,638,991;dining table:0.57:2,945,437,1531;chair:0.46:641,486,791,764"
15,path clear,near,far,"chair:0.93:352,547,639,995;dining table:0.58:2,944,441,1529;chair:0.55:638,485,791,764"
16,path clear,near,far,"chair:0.93:352,545,639,995;dining table:0.61:2,943,439,1527;chair:0.59:636,485,792,769"
17,path clear,near,far,"chair:0.92:352,543,640,991;dining table:0.60:2,942,441,1527;chair:0.50:636,483,793,738"
18,path clear,near,far,"chair:0.91:351,543,639,991;dining table:0.59:2,940,441,1524;chair:0.46:635,481,793,742"
19,path clear,near,far,"chair:0.92:353,543,640,991;dining table:0.61:2,937,442,1521;chair:0.50:634,479,794,769"
20,path clear,near,far,"chair:0.93:355,543,640,995;dining table:0.63:2,937,444,1523;chair:0.56:630,478,795,760"
21,path clear,near,far,"chair:0.93:355,542,641,990;dining table:0.65:2,937,444,1525;chair:0.62:631,476,796,771"
22,path clear,near,far,"chair:0.92:356,541,641,986;dining table:0.63:2,934,445,1524;chair:0.62:631,475,797,770"
23,path clear,near,far,"chair:0.91:356,540,640,985;chair:0.69:640,474,797,772;dining table:0.57:3,932,447,1525"
24,path clear,near,far,"chair:0.91:357,538,641,986;chair:0.72:632,474,798,772;dining table:0.59:2,931,449,1525"
25,path clear,near,far,"chair:0.92:358,536,642,979;chair:0.72:642,473,799,771;dining table:0.59:2,930,448,1523"
26,path clear,near,far,"chair:0.91:358,536,643,980;chair:0.73:639,472,800,771;dining table:0.58:3,931,451,1522"
27,path clear,near,far,"chair:0.91:357,536,643,980;chair:0.71:633,471,801,769;dining table:0.52:2,930,453,1521"
28,path clear,near,far,"chair:0.93:359,537,643,977;chair:0.70:633,470,801,768;dining table:0.54:2,930,452,1523"
29,path clear,near,far,"chair:0.93:360,533,644,972;chair:0.68:641,469,804,756;dining table:0.53:2,930,452,1522"
30,path clear,near,far,"chair:0.91:361,532,646,976;chair:0.72:637,467,804,754;dining table:0.55:2,930,456,1523"
31,path clear,near,far,"chair:0.89:361,531,645,981;chair:0.67:644,468,805,760;dining table:0.51:2,928,459,1521;chair:0.43:574,466,690,717"
32,path clear,near,far,"chair:0.92:362,532,647,974;chair:0.57:646,466,806,747;dining table:0.53:3,925,459,1519;chair:0.43:578,464,695,724"
33,path clear,near,far,"chair:0.92:363,530,649,972;chair:0.61:646,465,806,753;dining table:0.52:3,924,463,1518"
34,path clear,near,far,"chair:0.88:363,529,649,973;chair:0.61:646,464,808,749;dining table:0.54:3,923,466,1518"
35,path clear,near,far,"chair:0.91:364,527,651,972;chair:0.70:646,463,807,759;dining table:0.56:3,922,468,1514"
36,path clear,near,far,"chair:0.89:364,524,653,967;chair:0.75:646,463,808,747;dining table:0.55:3,921,467,1519"
37,path clear,near,far,"chair:0.90:365,524,652,969;chair:0.73:648,461,809,748;dining table:0.59:4,919,470,1515;chair:0.47:572,459,693,703"
38,path clear,near,far,"chair:0.90:365,525,654,968;chair:0.60:648,462,810,751;dining table:0.57:4,919,472,1516;chair:0.51:566,458,705,704"
39,path clear,near,far,"chair:0.88:366,522,654,967;chair:0.61:649,461,811,746;dining table:0.53:5,919,475,1514;chair:0.49:578,458,703,701"
40,path clear,near,far,"chair:0.90:366,520,654,969;chair:0.61:649,460,811,748;dining table:0.53:5,918,476,1513;chair:0.46:573,456,699,700"
41,path clear,near,far,"chair:0.88:367,520,657,974;chair:0.60:650,459,813,746;dining table:0.55:6,917,477,1514"
42,path clear,near,far,"chair:0.86:367,517,658,969;chair:0.62:647,456,814,725;dining table:0.54:6,916,477,1514"
43,path clear,near,far,"chair:0.88:367,518,657,971;chair:0.58:652,456,815,720;dining table:0.55:7,915,478,1515"
44,path clear,near,far,"chair:0.91:367,518,658,967;dining table:0.50:7,911,477,1512;chair:0.45:648,455,817,706"
45,path clear,near,far,"chair:0.88:368,515,659,964;dining table:0.52:7,910,477,1513;chair:0.50:648,451,817,735;chair:0.43:578,451,695,701"
46,path clear,near,far,"chair:0.88:369,514,659,966;chair:0.67:645,452,816,730;dining table:0.51:6,910,478,1514"
47,path clear,near,far,"chair:0.88:368,513,659,967;chair:0.60:646,447,817,744;dining table:0.54:5,910,477,1513;chair:0.50:576,448,694,696"
48,path clear,near,far,"chair:0.88:368,512,659,966;chair:0.65:645,447,816,744;dining table:0.57:5,909,478,1513"
49,path clear,near,far,"chair:0.88:368,512,659,966;chair:0.64:644,447,816,741;dining table:0.60:5,908,478,1513"
50,path clear,near,far,"chair:0.87:368,509,659,965;chair:0.62:644,446,817,744;dining table:0.58:5,907,478,1514"
51,path clear,near,far,"chair:0.89:369,508,658,963;chair:0.59:645,445,817,739;dining table:0.57:4,906,478,1514"
52,path clear,near,far,"chair:0.90:367,505,659,958;dining table:0.56:4,906,478,1515;chair:0.56:645,445,817,730"
53,path clear,near,far,"chair:0.88:367,504,658,958;chair:0.61:643,444,817,726;dining table:0.61:3,906,478,1512"
54,path clear,near,far,"chair:0.89:367,501,658,959;chair:0.62:641,443,817,715;dining table:0.60:3,907,477,1514"
55,path clear,near,far,"chair:0.89:366,502,657,959;dining table:0.61:3,906,475,1515;chair:0.56:639,441,817,720"
56,path clear,near,far,"chair:0.89:366,499,658,957;dining table:0.65:2,905,476,1513;chair:0.57:643,438,816,728"
57,path clear,near,far,"chair:0.89:366,500,658,958;dining table:0.64:2,905,476,1513;chair:0.60:646,438,816,733;chair:0.48:573,434,694,683"
58,path clear,near,far,"chair:0.91:366,499,656,959;dining table:0.68:2,905,476,1513;chair:0.66:646,435,817,731"
59,path clear,near,far,"chair:0.90:365,495,657,954;chair:0.68:645,434,818,732;dining table:0.66:2,904,473,1513"
60,path clear,near,far,"chair:0.89:363,496,655,952;dining table:0.68:2,903,471,1516;chair:0.66:641,432,817,725"
61,path clear,near,far,"chair:0.90:364,495,656,954;chair:0.71:647,430,818,723;dining table:0.69:1,900,472,1517"
62,path clear,near,far,"chair:0.91:363,493,656,952;chair:0.69:649,429,817,706;dining table:0.68:2,899,471,1518"
63,path clear,near,far,"chair:0.91:361,491,656,948;chair:0.71:649,426,817,723;dining table:0.65:2,899,465,1518"
64,path clear,near,far,"chair:0.90:361,492,655,949;chair:0.71:647,424,816,696;dining table:0.65:2,898,464,1521"
65,path clear,near,far,"chair:0.91:360,490,654,949;chair:0.68:644,422,817,692;dining table:0.60:2,896,464,1520"
66,path clear,near,far,"chair:0.91:359,489,653,952;chair:0.71:645,422,816,695;dining table:0.61:2,896,461,1523"
67,path clear,near,far,"chair:0.91:358,489,654,953;chair:0.64:646,421,816,726;dining table:0.60:2,895,461,1525"
68,path clear,near,far,"chair:0.91:357,488,654,946;chair:0.74:645,419,815,727;dining table:0.63:3,893,461,1525"
69,path clear,near,far,"chair:0.91:357,485,653,948;chair:0.72:647,416,817,726;dining table:0.61:3,894,460,1525"
70,path clear,near,far,"chair:0.91:356,481,654,952;chair:0.67:648,416,816,723;dining table:0.62:3,894,457,1527;chair:0.45:578,413,693,676"
71,path clear,near,far,"chair:0.90:355,480,653,952;chair:0.67:647,414,816,725;dining table:0.61:3,896,453,1530"
72,path clear,near,far,"chair:0.90:354,480,653,951;chair:0.66:647,413,816,725;dining table:0.60:3,895,451,1533;chair:0.42:576,411,692,680"
73,path clear,near,far,"chair:0.91:351,477,651,955;chair:0.66:649,413,816,722;dining table:0.58:4,896,448,1534"
74,path clear,near,far,"chair:0.90:351,473,650,948;chair:0.69:647,412,815,721;dining table:0.58:4,897,448,1535"
75,path clear,near,far,"chair:0.90:350,475,650,951;chair:0.67:650,411,816,718;dining table:0.59:4,899,446,1537"
76,path clear,near,far,"chair:0.90:347,475,649,954;chair:0.63:645,410,815,714;dining table:0.61:4,900,443,1542"
77,path clear,near,far,"chair:0.90:345,473,649,955;chair:0.68:648,409,815,705;dining table:0.61:4,901,442,1546"
78,path clear,near,far,"chair:0.90:346,473,649,959;dining table:0.63:4,904,442,1552;chair:0.63:649,408,815,712"
79,path clear,near,far,"chair:0.91:346,473,650,962;dining table:0.65:4,905,438,1553;chair:0.64:648,407,816,713"
80,path clear,near,far,"chair:0.91:345,472,650,956;chair:0.69:642,406,816,713;dining table:0.60:3,905,440,1557"
81,path clear,near,far,"chair:0.91:345,471,651,956;chair:0.68:645,407,818,710;dining table:0.60:4,904,440,1563"
82,path clear,near,far,"chair:0.91:344,470,652,962;chair:0.71:646,406,818,709;dining table:0.64:3,905,439,1568"
83,path clear,near,far,"chair:0.91:344,470,653,963;chair:0.69:645,404,819,709;dining table:0.60:4,906,441,1566"
84,path clear,near,far,"chair:0.91:342,469,652,961;chair:0.73:645,402,818,710;dining table:0.61:4,907,440,1570"
85,path clear,near,far,"chair:0.91:341,470,653,964;chair:0.73:644,401,819,701;dining table:0.64:3,909,440,1576"
86,path clear,near,far,"chair:0.91:342,471,653,962;chair:0.69:644,400,820,700;dining table:0.65:3,912,439,1579"
87,path clear,near,far,"chair:0.91:341,469,653,960;chair:0.69:644,399,820,704;dining table:0.63:2,913,439,1579"
88,path clear,near,far,"chair:0.91:339,467,653,961;chair:0.72:644,397,822,701;dining table:0.66:2,914,437,1588"
89,path clear,near,far,"chair:0.91:339,466,654,961;chair:0.71:645,396,822,706;dining table:0.67:2,914,437,1590"
90,path clear,near,far,"chair:0.91:334,465,654,963;chair:0.71:646,395,822,705;dining table:0.63:2,914,438,1596"
91,path clear,near,far,"chair:0.91:334,464,655,957;chair:0.75:644,394,823,702;dining table:0.61:2,915,437,1597"
92,path clear,near,far,"chair:0.91:335,463,655,961;chair:0.67:644,393,825,704;dining table:0.59:2,914,438,1600"
93,path clear,near,far,"chair:0.90:335,461,655,958;chair:0.71:648,392,825,705;dining table:0.64:2,915,436,1596"
94,path clear,near,far,"chair:0.90:336,460,657,954;chair:0.68:649,389,826,705;dining table:0.66:2,916,435,1601"
95,path clear,near,far,"chair:0.90:337,458,657,954;dining table:0.68:3,915,433,1602;chair:0.66:646,387,827,705"
96,path clear,near,far,"chair:0.90:336,459,659,957;dining table:0.66:3,913,433,1607;chair:0.62:654,387,830,692"
97,path clear,near,far,"chair:0.91:335,456,659,952;dining table:0.65:3,913,433,1608;chair:0.62:641,383,829,684"
98,path clear,near,far,"chair:0.90:341,451,661,954;dining table:0.66:3,911,433,1606;chair:0.58:658,380,833,674"
99,path clear,near,far,"chair:0.90:343,448,661,951;chair:0.64:656,376,835,677;dining table:0.62:3,908,434,1607"
100,path clear,near,far,"chair:0.88:347,444,665,942;dining table:0.60:3,906,433,1607;chair:0.48:664,373,838,655"
101,path clear,near,far,"chair:0.90:350,441,666,934;chair:0.71:668,370,840,663;dining table:0.59:0,906,432,1608"
102,path clear,near,far,"chair:0.89:349,434,667,931;chair:0.68:665,367,842,665;dining table:0.58:0,906,431,1603"
103,path clear,near,far,"chair:0.87:348,436,668,925;chair:0.74:668,363,843,664;dining table:0.63:0,906,434,1602"
104,path clear,near,far,"chair:0.89:348,433,669,925;chair:0.69:671,360,845,649;dining table:0.63:3,904,438,1606"
105,path clear,near,far,"chair:0.88:341,428,670,925;chair:0.75:669,358,849,676;dining table:0.64:0,904,435,1608"
106,path clear,near,far,"chair:0.89:342,424,671,924;chair:0.72:676,354,853,667;dining table:0.63:4,901,440,1614"
107,path clear,near,far,"chair:0.88:348,422,675,922;chair:0.67:675,351,854,672;dining table:0.63:1,901,441,1611"
108,path clear,near,far,"chair:0.88:347,418,677,922;chair:0.66:670,348,858,671;dining table:0.64:1,900,435,1613"
109,path clear,near,far,"chair:0.87:349,416,678,923;chair:0.67:685,346,859,668;dining table:0.66:3,898,438,1620"
110,path clear,near,far,"chair:0.87:348,414,681,928;chair:0.78:683,343,862,637;dining table:0.67:1,899,436,1622"
111,path clear,near,far,"chair:0.89:343,412,686,921;chair:0.76:686,343,866,630;dining table:0.67:4,897,437,1626"
112,path clear,near,far,"chair:0.87:345,410,688,917;chair:0.69:690,341,867,646;dining table:0.66:4,898,442,1625"
113,path clear,near,far,"chair:0.85:354,410,690,917;dining table:0.63:4,898,439,1629;chair:0.59:693,337,870,637"
114,path clear,near,far,"chair:0.80:365,411,691,917;dining table:0.67:4,897,441,1630;chair:0.49:689,336,873,638"
115,path clear,near,far,"chair:0.75:371,408,692,916;dining table:0.66:4,896,440,1635;chair:0.59:696,332,879,645"
116,path clear,near,far,"dining table:0.69:3,895,444,1641;chair:0.64:702,328,884,642;chair:0.64:367,403,695,915"
117,path clear,near,far,"chair:0.75:360,402,699,917;dining table:0.72:4,896,446,1644;chair:0.58:717,326,889,635"
118,path clear,near,far,"chair:0.81:368,402,703,914;dining table:0.68:4,896,449,1648;chair:0.66:713,327,891,644"
119,path clear,near,far,"chair:0.85:368,400,708,917;chair:0.78:716,324,896,640;dining table:0.66:4,897,451,1652;chair:0.43:658,323,765,570"
120,path clear,near,far,"chair:0.88:365,398,713,923;chair:0.70:715,325,899,638;dining table:0.66:3,898,451,1651"
121,path clear,near,far,"chair:0.90:365,397,716,917;dining table:0.68:3,898,453,1658;chair:0.66:718,321,902,648;chair:0.40:661,320,769,596"
122,path clear,near,far,"chair:0.89:365,394,716,918;chair:0.69:717,319,906,644;dining table:0.68:3,897,456,1659"
123,path clear,near,far,"chair:0.90:369,394,717,917;chair:0.69:722,316,912,639;dining table:0.67:3,898,459,1663"
124,path clear,near,far,"chair:0.90:370,392,717,918;chair:0.66:733,314,914,639;dining table:0.64:3,898,461,1668"
125,"obstacle left, move right",very_near,far,"chair:0.90:367,390,723,917;chair:0.68:732,313,920,632;dining table:0.64:3,900,466,1675"
126,"obstacle left, move right",very_near,far,"chair:0.90:371,388,726,921;chair:0.73:733,312,924,635;dining table:0.69:3,902,472,1679"
127,"obstacle left, move right",very_near,far,"chair:0.90:373,388,728,919;chair:0.74:736,309,927,633;dining table:0.67:3,904,475,1686"
128,"obstacle left, move right",very_near,far,"chair:0.88:370,387,732,927;dining table:0.72:3,906,467,1688;chair:0.66:735,310,928,643;chair:0.41:676,310,793,579"
129,"obstacle left, move right",very_near,far,"chair:0.89:394,389,737,923;chair:0.72:735,308,934,649;dining table:0.67:3,907,474,1697;chair:0.45:675,308,793,574"
130,"obstacle left, move right",very_near,far,"chair:0.88:385,388,739,926;chair:0.67:743,307,937,647;dining table:0.64:3,908,480,1705;chair:0.50:677,307,795,585"
131,"obstacle left, move right",very_near,far,"chair:0.84:395,388,741,926;dining table:0.68:3,912,479,1711;chair:0.62:747,307,939,638"
132,"obstacle left, move right",very_near,far,"chair:0.85:405,390,742,926;dining table:0.65:3,913,482,1700;chair:0.62:751,306,942,635"
133,"obstacle left, move right",very_near,far,"chair:0.87:406,388,747,927;chair:0.75:757,305,949,631;dining table:0.68:3,918,481,1726"
134,"obstacle left, move right",very_near,far,"chair:0.83:404,387,750,930;chair:0.70:759,305,951,634;dining table:0.69:3,919,483,1726"
135,"obstacle left, move right",very_near,far,"chair:0.82:408,387,751,935;chair:0.69:764,304,954,638;dining table:0.65:3,917,483,1729"
136,"obstacle left, move right",very_near,far,"chair:0.86:414,384,757,933;dining table:0.67:3,920,484,1734;chair:0.65:769,302,960,648"
137,"obstacle left, move right",very_near,far,"chair:0.85:406,383,760,935;chair:0.72:768,301,961,645;dining table:0.64:3,921,488,1740"
138,"obstacle left, move right",very_near,far,"chair:0.87:414,380,762,930;chair:0.73:770,300,963,641;dining table:0.70:3,922,486,1740"
139,"obstacle left, move right",very_near,far,"chair:0.87:421,380,764,937;dining table:0.73:3,921,485,1744;chair:0.73:770,296,970,638"
140,"obstacle left, move right",very_near,far,"chair:0.85:423,380,765,930;dining table:0.75:3,922,488,1747;chair:0.75:782,296,974,644"
141,"obstacle left, move right",very_near,far,"chair:0.85:428,379,768,925;dining table:0.76:3,924,486,1751;chair:0.71:781,294,974,643"
142,"obstacle left, move right",very_near,far,"chair:0.82:432,378,771,922;dining table:0.78:3,925,487,1756;chair:0.65:782,291,978,638"
143,"obstacle left, move right",very_near,far,"chair:0.78:432,377,771,930;dining table:0.75:3,926,487,1758;chair:0.72:786,292,982,642"
144,"obstacle left, move right",very_near,far,"chair:0.81:435,375,775,930;dining table:0.78:3,926,488,1759;chair:0.72:786,286,987,642"
145,"obstacle left, move right",very_near,far,"chair:0.82:439,371,783,925;dining table:0.79:2,927,488,1762;chair:0.69:787,282,990,628"
146,"obstacle left, move right",very_near,far,"chair:0.84:443,371,786,926;dining table:0.76:1,928,491,1767;chair:0.65:800,283,1000,616"
147,"obstacle left, move right",very_near,far,"chair:0.85:443,368,788,925;dining table:0.77:1,928,493,1770;chair:0.65:798,280,1001,616"
148,"obstacle left, move right",very_near,far,"chair:0.87:448,368,791,918;dining table:0.75:1,927,496,1773;chair:0.57:816,280,1006,634"
149,"obstacle left, move right",very_near,far,"chair:0.85:450,365,794,913;dining table:0.74:1,926,498,1780;chair:0.61:813,276,1010,636"
150,"obstacle left, move right",very_near,far,"chair:0.87:457,364,798,918;dining table:0.73:2,926,504,1786;chair:0.71:809,274,1017,595"
151,"obstacle left, move right",very_near,far,"chair:0.81:460,361,801,919;dining table:0.73:1,925,505,1787;chair:0.66:817,275,1027,597"
152,"obstacle left, move right",very_near,far,"chair:0.84:462,358,808,912;dining table:0.75:1,924,507,1787;chair:0.62:825,269,1032,590"
153,"obstacle left, move right",very_near,far,"chair:0.86:464,357,812,915;dining table:0.74:1,925,509,1792;chair:0.67:831,268,1036,629;chair:0.54:769,266,891,553"
154,"obstacle left, move right",very_near,far,"chair:0.90:470,352,813,913;dining table:0.75:1,926,508,1791;chair:0.58:842,263,1045,602;chair:0.49:781,262,898,560"
155,"obstacle left, move right",very_near,far,"chair:0.90:471,349,818,908;dining table:0.72:1,925,512,1795;chair:0.56:849,263,1050,603"
156,"obstacle left, move right",very_near,far,"chair:0.89:478,347,825,908;dining table:0.73:1,924,512,1799;chair:0.56:844,259,1055,587"
157,"obstacle left, move right",very_near,far,"chair:0.90:490,346,831,906;dining table:0.74:1,924,514,1802;chair:0.61:855,259,1068,604;chair:0.49:794,257,913,544"
158,"obstacle left, move right",very_near,far,"chair:0.93:495,343,837,900;dining table:0.76:1,922,518,1805;chair:0.45:858,256,1073,572"
159,"obstacle left, move right",very_near,far,"chair:0.92:499,343,840,899;dining table:0.72:1,920,519,1808"
160,"obstacle left, move right",very_near,far,"chair:0.93:503,341,846,901;dining table:0.76:2,923,526,1811"
161,"obstacle left, move right",very_near,far,"chair:0.92:508,337,854,900;dining table:0.72:1,923,529,1812"
162,"obstacle left, move right",very_near,far,"chair:0.89:513,338,856,884;dining table:0.77:0,922,535,1812"
163,"obstacle left, move right",very_near,far,"chair:0.90:518,336,863,884;dining table:0.75:0,922,539,1816"
164,"obstacle left, move right",very_near,far,"chair:0.86:528,331,876,881;dining table:0.74:1,921,545,1823"
165,"obstacle left, move right",very_near,far,"chair:0.85:541,328,891,887;dining table:0.74:1,921,550,1816"
166,"obstacle left, move right",very_near,far,"chair:0.91:549,324,902,891;dining table:0.75:2,923,559,1827"
167,"obstacle left, move right",very_near,far,"chair:0.94:557,324,905,882;dining table:0.70:2,922,567,1833"
168,"obstacle left, move right",very_near,far,"chair:0.93:565,320,918,881;dining table:0.68:2,923,572,1831"
169,"obstacle left, move right",very_near,far,"chair:0.94:571,318,927,885;dining table:0.69:2,918,576,1874"
170,"obstacle left, move right",very_near,far,"chair:0.91:579,315,936,892;dining table:0.70:2,920,577,1841"
171,"obstacle left, move right",very_near,far,"chair:0.91:590,314,945,888;dining table:0.70:2,920,582,1839"
172,"obstacle left, move right",very_near,far,"chair:0.93:598,310,954,891;dining table:0.76:2,920,583,1846"
173,"obstacle left, move right",very_near,far,"chair:0.93:603,308,960,886;dining table:0.77:2,920,590,1848"
174,"obstacle left, move right",very_near,far,"chair:0.91:608,304,966,888;dining table:0.72:2,919,591,1848"
175,"obstacle left, move right",very_near,far,"chair:0.93:611,302,977,886;dining table:0.74:2,918,594,1853;chair:0.51:973,200,1079,540"
176,"obstacle left, move right",very_near,far,"chair:0.90:615,298,981,888;dining table:0.75:2,918,593,1852"
177,"obstacle left, move right",very_near,far,"chair:0.93:617,295,985,887;dining table:0.72:3,917,598,1854;chair:0.42:987,195,1079,529"
178,"obstacle left, move right",very_near,far,"chair:0.91:621,293,989,887;dining table:0.76:2,915,597,1854"
179,"obstacle left, move right",very_near,far,"chair:0.93:624,293,993,885;dining table:0.76:2,914,598,1857;chair:0.40:996,189,1078,335"
180,"obstacle left, move right",very_near,far,"chair:0.89:630,291,995,882;dining table:0.75:0,911,602,1860"
181,"obstacle left, move right",very_near,far,"chair:0.91:632,290,999,881;dining table:0.74:0,910,603,1859"
182,"obstacle left, move right",very_near,far,"chair:0.87:634,291,1000,884;dining table:0.73:0,909,605,1857"
183,"obstacle left, move right",very_near,far,"chair:0.92:636,286,1005,881;dining table:0.75:2,907,601,1859"
184,"obstacle left, move right",very_near,far,"chair:0.92:638,282,1006,880;dining table:0.73:2,906,601,1860"
185,"obstacle left, move right",very_near,far,"chair:0.91:639,276,1007,878;dining table:0.71:2,904,599,1862"
186,"obstacle left, move right",very_near,far,"chair:0.93:639,272,1009,876;dining table:0.72:2,903,598,1861"
187,"obstacle left, move right",very_near,far,"chair:0.95:639,271,1010,875;dining table:0.73:2,903,596,1862"
188,"obstacle left, move right",very_near,far,"chair:0.95:638,270,1011,873;dining table:0.72:1,902,598,1877"
189,"obstacle left, move right",very_near,far,"chair:0.94:638,267,1011,873;dining table:0.74:1,901,595,1880"
190,"obstacle left, move right",very_near,far,"chair:0.94:637,264,1010,870;dining table:0.74:0,900,590,1881"
191,"obstacle left, move right",very_near,far,"chair:0.92:637,262,1009,872;dining table:0.77:1,899,588,1896"
192,"obstacle left, move right",very_near,far,"chair:0.93:636,259,1008,871;dining table:0.71:1,898,581,1899"
193,"obstacle left, move right",very_near,far,"chair:0.93:633,255,1007,869;dining table:0.69:1,897,581,1905"
194,"obstacle left, move right",very_near,far,"chair:0.93:631,252,1005,873;dining table:0.72:1,897,576,1911"
195,"obstacle left, move right",very_near,far,"chair:0.92:626,250,1004,871;dining table:0.78:1,898,572,1889"
196,"obstacle left, move right",very_near,far,"chair:0.92:622,247,1002,866;dining table:0.82:0,897,565,1898"
197,"obstacle left, move right",very_near,far,"chair:0.93:617,243,999,866;dining table:0.81:0,897,557,1908"
198,"obstacle left, move right",very_near,far,"chair:0.91:614,245,995,869;dining table:0.79:0,898,551,1907"
199,"obstacle left, move right",very_near,far,"chair:0.89:609,244,992,868;dining table:0.79:0,898,549,1907"
200,"obstacle left, move right",very_near,far,"chair:0.91:605,243,989,869;dining table:0.81:0,900,545,1908"
201,"obstacle left, move right",very_near,far,"chair:0.95:601,235,985,869;dining table:0.81:0,901,537,1913"
202,"obstacle left, move right",very_near,far,"chair:0.95:596,236,979,866;dining table:0.80:1,903,531,1912"
203,"obstacle left, move right",very_near,far,"chair:0.92:591,235,973,865;dining table:0.78:2,905,520,1916"
204,"obstacle left, move right",very_near,far,"chair:0.93:583,234,965,865;dining table:0.76:2,908,506,1916"
205,"obstacle left, move right",very_near,far,"chair:0.93:570,232,960,860;dining table:0.71:1,911,496,1914"
206,"obstacle left, move right",very_near,far,"chair:0.93:563,232,952,863;dining table:0.74:1,915,490,1914"
207,"obstacle left, move right",very_near,far,"chair:0.95:555,232,944,861;dining table:0.76:2,917,477,1914"
208,"obstacle left, move right",very_near,far,"chair:0.97:545,233,931,867;dining table:0.77:2,918,467,1914"
209,"obstacle left, move right",very_near,far,"chair:0.93:537,234,923,868;dining table:0.59:1,926,458,1913"
210,"obstacle left, move right",very_near,far,"chair:0.95:527,235,913,865;dining table:0.56:1,935,447,1913"
211,"obstacle left, move right",very_near,far,"chair:0.93:516,236,901,865;dining table:0.48:1,941,423,1914"
212,"obstacle left, move right",very_near,far,"chair:0.93:507,236,893,866;dining table:0.45:1,949,415,1919"
213,path clear,clear,near,"chair:0.94:497,239,884,875"
214,path clear,clear,near,"chair:0.93:487,242,875,877"
215,path clear,clear,near,"chair:0.95:474,242,865,880;chair:0.50:926,137,1080,519"
216,path clear,clear,near,"chair:0.95:467,245,861,884;chair:0.52:934,142,1080,516"
217,path clear,clear,near,"chair:0.92:458,248,851,885;chair:0.44:931,145,1080,522"
218,path clear,near,near,"chair:0.94:449,251,840,887;chair:0.48:904,149,1080,482"
219,path clear,near,near,"chair:0.94:443,256,834,887"
220,path clear,near,near,"chair:0.94:434,258,827,897"
221,path clear,near,near,"chair:0.93:424,259,822,901"
222,path clear,near,near,"chair:0.94:418,267,811,907"
223,path clear,near,near,"chair:0.93:413,267,808,909;chair:0.52:882,152,1078,522"
224,path clear,near,near,"chair:0.94:406,268,803,908;chair:0.41:871,157,1078,484"
225,path clear,near,near,"chair:0.96:401,269,800,922;chair:0.78:871,154,1075,557"
226,path clear,near,near,"chair:0.94:392,273,792,925;chair:0.71:862,157,1071,534"
227,path clear,near,near,"chair:0.92:383,275,788,929;chair:0.77:858,164,1067,548"
228,path clear,near,near,"chair:0.94:374,277,780,932;chair:0.76:857,163,1061,502"
229,path clear,near,near,"chair:0.93:369,280,771,938;chair:0.81:848,167,1054,567"
230,path clear,near,near,"chair:0.94:359,284,768,943;chair:0.82:847,166,1051,550"
231,path clear,near,near,"chair:0.94:353,288,761,947;chair:0.76:840,168,1043,530"
232,path clear,near,near,"chair:0.95:347,290,755,951;chair:0.65:833,173,1036,538"
233,path clear,near,near,"chair:0.95:341,290,752,955;chair:0.73:831,175,1027,541"
234,path clear,near,near,"chair:0.95:332,296,741,958;chair:0.81:823,175,1019,572"
235,path clear,near,near,"chair:0.95:325,298,737,961;chair:0.76:810,178,1013,578"
236,path clear,near,near,"chair:0.95:321,301,732,967;chair:0.78:812,182,1007,587"
237,path clear,near,near,"chair:0.85:313,305,725,969;chair:0.82:809,185,1000,573"
238,path clear,near,near,"chair:0.88:309,309,722,972;chair:0.78:812,189,996,585"
239,path clear,near,near,"chair:0.88:301,314,717,975;chair:0.77:800,189,988,577"
240,path clear,near,near,"chair:0.95:293,315,710,980;chair:0.66:788,190,982,592"
241,path clear,near,near,"chair:0.94:283,318,703,985;chair:0.66:791,198,976,584"
242,path clear,near,near,"chair:0.94:277,321,700,991;chair:0.76:778,200,971,603"
243,path clear,near,near,"chair:0.93:271,327,696,993;chair:0.74:775,203,962,602"
244,path clear,near,near,"chair:0.91:263,331,690,1000;chair:0.81:780,209,955,614"
245,path clear,near,near,"chair:0.93:255,335,683,1010;chair:0.83:770,211,949,627"
246,path clear,near,near,"chair:0.95:250,342,675,1016;chair:0.80:765,217,946,613"
247,path clear,near,near,"chair:0.94:243,349,669,1027;chair:0.81:749,220,938,641"
248,path clear,near,near,"chair:0.93:237,355,662,1042;chair:0.84:765,227,937,602"
249,path clear,near,near,"chair:0.94:229,366,657,1048;chair:0.79:754,231,930,628;chair:0.49:530,135,655,465"
250,path clear,near,near,"chair:0.95:223,373,656,1057;chair:0.81:747,238,925,630"
251,path clear,near,near,"chair:0.95:219,380,652,1065;chair:0.75:743,247,919,653"
252,path clear,near,far,"chair:0.94:213,386,647,1068;chair:0.78:739,255,912,651"
253,path clear,near,far,"chair:0.96:210,393,646,1077;chair:0.74:740,263,912,640"
254,path clear,near,far,"chair:0.91:208,401,643,1084;chair:0.75:741,269,910,618"
255,path clear,near,far,"chair:0.84:199,409,639,1092;chair:0.77:741,274,906,651"
256,path clear,near,far,"chair:0.96:192,415,640,1103;chair:0.78:738,286,901,677"
257,path clear,near,far,"chair:0.94:188,422,636,1117;chair:0.73:738,291,899,698"
258,path clear,near,far,"chair:0.86:182,429,634,1121;chair:0.75:726,295,896,691"
259,path clear,near,far,"chair:0.75:737,300,891,705;chair:0.70:180,433,633,1130;tv:0.57:288,433,594,763;chair:0.48:179,645,632,1130"
260,path clear,near,far,"chair:0.89:176,440,627,1138;chair:0.74:735,303,886,714"
261,path clear,near,far,"chair:0.94:170,445,625,1146;chair:0.73:738,308,884,729"
262,path clear,near,far,"chair:0.94:165,449,619,1150;chair:0.73:739,316,883,736"
263,path clear,near,far,"chair:0.94:161,453,618,1155;chair:0.67:731,315,880,740"
264,path clear,near,far,"chair:0.94:157,459,618,1161;chair:0.65:722,317,878,733"
265,path clear,near,far,"chair:0.95:152,461,615,1165;chair:0.67:714,325,875,726"
266,path clear,near,far,"chair:0.96:146,468,614,1172;chair:0.67:707,329,874,731"
267,path clear,near,far,"chair:0.96:142,473,610,1178;chair:0.68:716,335,870,746"
268,path clear,near,far,"chair:0.97:138,476,604,1184;chair:0.62:714,338,866,740"
269,path clear,near,far,"chair:0.96:132,479,602,1189;chair:0.60:706,342,864,741"
270,path clear,near,far,"chair:0.96:129,481,596,1195;chair:0.75:705,344,863,732"
271,path clear,near,far,"chair:0.95:125,484,597,1203;chair:0.79:702,341,859,730"
272,path clear,near,far,"chair:0.95:121,486,591,1214;chair:0.73:704,345,859,744"
273,path clear,near,far,"chair:0.95:118,489,594,1222;chair:0.75:702,349,857,736"
274,path clear,near,far,"chair:0.95:114,494,590,1225;chair:0.79:699,352,856,740"
275,path clear,near,far,"chair:0.95:111,497,591,1233;chair:0.74:698,352,856,747"
276,path clear,near,far,"chair:0.95:106,500,589,1237;chair:0.75:698,358,855,747"
277,path clear,near,far,"chair:0.94:100,502,585,1244;chair:0.79:692,365,854,763"
278,path clear,near,far,"chair:0.95:94,506,579,1247;chair:0.82:689,368,854,776"
279,path clear,near,far,"chair:0.95:89,509,573,1255;chair:0.79:690,368,854,779"
280,path clear,near,far,"chair:0.94:87,514,573,1259;chair:0.79:694,365,851,802"
281,path clear,near,far,"chair:0.94:83,519,574,1265;chair:0.79:693,371,853,799"
282,path clear,near,far,"chair:0.94:78,526,576,1279;chair:0.81:692,372,852,800"
283,path clear,near,far,"chair:0.95:75,533,575,1286;chair:0.70:688,381,852,804"
284,path clear,near,far,"chair:0.95:71,540,573,1301;chair:0.84:688,393,850,824"
285,path clear,near,far,"chair:0.95:66,549,562,1317;chair:0.83:688,406,850,833;chair:0.46:435,291,576,623"
286,path clear,near,far,"chair:0.95:63,558,571,1329;chair:0.80:688,416,850,841"
287,path clear,near,far,"chair:0.95:60,569,569,1338;chair:0.83:684,416,849,843;chair:0.44:440,305,573,626"
288,path clear,near,far,"chair:0.94:59,574,560,1350;chair:0.81:684,426,851,843"
289,path clear,near,far,"chair:0.93:55,578,567,1358;chair:0.78:685,433,850,858"
290,path clear,near,far,"chair:0.96:52,583,561,1366;chair:0.69:675,444,853,821"
291,path clear,near,far,"chair:0.95:46,587,563,1378;chair:0.45:668,448,853,797"
292,path clear,near,far,"chair:0.96:39,591,557,1387;chair:0.55:659,444,851,804"
293,path clear,near,far,"chair:0.95:31,600,557,1393;chair:0.70:663,448,846,798"
294,path clear,near,far,"chair:0.95:24,607,551,1402;chair:0.58:649,448,842,829"
295,path clear,near,far,"chair:0.94:18,611,549,1409;chair:0.72:648,449,836,864"
296,path clear,near,far,"chair:0.95:11,614,544,1418;chair:0.77:650,452,833,838"
297,path clear,near,far,"chair:0.95:7,618,542,1428;chair:0.77:644,452,827,877"
298,path clear,near,far,"chair:0.95:5,621,540,1432;chair:0.77:645,456,825,864"
299,path clear,near,far,"chair:0.96:2,624,539,1437;chair:0.74:640,460,822,883"
300,path clear,near,far,"chair:0.96:1,625,533,1443;chair:0.73:638,465,820,877"
301,path clear,near,far,"chair:0.96:0,629,528,1451;chair:0.76:640,463,818,895"
302,path clear,near,far,"chair:0.95:0,630,527,1453;chair:0.76:641,466,817,894"
303,path clear,near,far,"chair:0.96:0,630,523,1462;chair:0.80:637,465,815,902"
304,path clear,near,far,"chair:0.96:0,632,524,1467;chair:0.76:634,469,817,901"
305,path clear,near,far,"chair:0.95:0,634,519,1470;chair:0.76:634,466,816,909"
306,path clear,near,far,"chair:0.96:1,634,516,1473;chair:0.78:636,463,813,917"
307,path clear,near,far,"chair:0.96:0,635,516,1478;chair:0.76:634,462,813,916"
308,path clear,near,far,"chair:0.95:1,636,515,1481;chair:0.69:636,468,813,910"
309,path clear,near,far,"chair:0.96:2,637,514,1486;chair:0.74:631,468,812,910"
310,path clear,near,far,"chair:0.95:2,638,511,1494;chair:0.75:631,469,811,911"
311,path clear,near,far,"chair:0.96:2,639,512,1497;chair:0.77:633,468,810,922"
312,"obstacle left, move right",very_near,far,"chair:0.95:1,639,508,1504;chair:0.75:627,468,809,902"
313,"obstacle left, move right",very_near,far,"chair:0.95:1,639,507,1513;chair:0.74:625,471,809,882"
314,"obstacle left, move right",very_near,far,"chair:0.94:1,639,505,1519;chair:0.73:621,469,808,900"
315,"obstacle left, move right",very_near,far,"chair:0.94:0,639,506,1524;chair:0.74:627,469,808,854"
316,"obstacle left, move right",very_near,far,"chair:0.94:1,640,501,1527;chair:0.72:627,471,807,852"
317,"obstacle left, move right",very_near,far,"chair:0.93:1,641,494,1530;chair:0.67:627,470,805,832"
318,"obstacle left, move right",very_near,far,"chair:0.95:1,641,491,1539;chair:0.67:613,466,803,893"
319,"obstacle left, move right",very_near,far,"chair:0.96:2,643,486,1543;chair:0.73:622,476,803,919"
320,"obstacle left, move right",very_near,far,"chair:0.96:1,645,479,1548;chair:0.69:614,472,799,914"
321,"obstacle left, move right",very_near,far,"chair:0.96:1,645,477,1557;chair:0.77:611,475,800,918"
322,"obstacle left, move right",very_near,far,"chair:0.95:1,648,472,1566;chair:0.66:608,472,796,919"
323,"obstacle left, move right",very_near,far,"chair:0.95:1,654,468,1574;chair:0.72:610,470,795,914"
324,"obstacle left, move right",very_near,far,"chair:0.94:2,659,467,1582;chair:0.69:606,479,793,933"
325,"obstacle left, move right",very_near,far,"chair:0.94:2,662,467,1590;chair:0.72:599,477,791,941"
326,"obstacle left, move right",very_near,far,"chair:0.93:2,663,464,1597;chair:0.73:604,484,792,938"
327,"obstacle left, move right",very_near,far,"chair:0.91:2,664,463,1608;chair:0.77:605,484,791,935"
328,"obstacle left, move right",very_near,far,"chair:0.93:2,666,466,1613;chair:0.75:604,479,792,943"
329,"obstacle left, move right",very_near,far,"chair:0.90:3,670,464,1619;chair:0.76:602,483,791,941;chair:0.43:1,954,464,1620"
330,"obstacle left, move right",very_near,far,"chair:0.93:3,670,463,1632;chair:0.68:602,486,788,948;chair:0.59:605,485,792,814"
331,"obstacle left, move right",very_near,far,"chair:0.91:3,674,459,1633;chair:0.75:601,476,789,944"
332,"obstacle left, move right",very_near,far,"chair:0.86:3,679,455,1643;chair:0.74:600,482,786,947"
333,"obstacle left, move right",very_near,far,"chair:0.93:2,675,457,1648;chair:0.74:598,484,785,949;chair:0.44:600,484,790,817"
334,"obstacle left, move right",very_near,far,"chair:0.91:2,679,452,1657;chair:0.67:597,484,786,952;chair:0.59:601,482,790,811"
335,"obstacle left, move right",very_near,far,"chair:0.89:2,680,451,1666;chair:0.74:595,486,788,926"
336,"obstacle left, move right",very_near,far,"chair:0.86:2,680,451,1673;chair:0.71:596,484,790,946;chair:0.41:602,486,793,814"
337,"obstacle left, move right",very_near,far,"chair:0.88:2,681,451,1675;chair:0.71:598,482,794,911"
338,"obstacle left, move right",very_near,far,"chair:0.85:2,684,456,1680;chair:0.76:598,473,796,902"
339,"obstacle left, move right",very_near,far,"chair:0.84:2,683,457,1688;chair:0.80:603,475,798,909"
340,"obstacle left, move right",very_near,far,"chair:0.84:2,683,455,1696;chair:0.82:601,471,801,908"
341,"obstacle left, move right",very_near,far,"chair:0.81:2,686,454,1707;chair:0.80:603,474,803,914"
342,"obstacle left, move right",very_near,far,"chair:0.79:2,686,454,1714;chair:0.78:603,474,804,917"
343,"obstacle left, move right",very_near,far,"chair:0.77:603,474,805,917;chair:0.63:3,691,454,1719;chair:0.48:2,996,455,1720"
344,"obstacle left, move right",very_near,far,"chair:0.78:601,469,807,917;chair:0.64:3,690,453,1725;chair:0.61:1,1003,455,1725"
345,path clear,near,far,"chair:0.77:598,460,808,961;chair:0.66:2,993,450,1735"
346,"obstacle left, move right",very_near,far,"chair:0.77:597,464,810,958;chair:0.70:2,993,449,1741"
347,"obstacle left, move right",very_near,far,"chair:0.80:597,465,813,965;chair:0.68:2,998,449,1748"
348,"obstacle left, move right",very_near,far,"chair:0.79:596,465,817,966;chair:0.67:2,994,451,1756"
349,"obstacle left, move right",very_near,far,"chair:0.78:596,465,820,966;chair:0.70:2,1003,452,1763"
350,"obstacle left, move right",very_near,far,"chair:0.78:596,470,825,971;chair:0.68:2,1004,453,1772"
351,"obstacle left, move right",very_near,far,"chair:0.76:595,474,828,969;chair:0.64:2,1008,452,1780;chair:0.53:2,692,451,1770"
352,"obstacle left, move right",very_near,far,"chair:0.72:2,1024,452,1785;chair:0.70:595,467,829,968"
353,"obstacle left, move right",very_near,far,"chair:0.70:594,469,832,942;chair:0.68:2,701,452,1789"
354,"obstacle left, move right",very_near,far,"chair:0.75:593,475,836,917;chair:0.65:2,1002,451,1799"
355,"obstacle left, move right",very_near,far,"chair:0.72:594,476,837,977;chair:0.70:3,706,451,1801"
356,"obstacle left, move right",very_near,far,"chair:0.72:2,1018,451,1817;chair:0.71:596,481,840,976"
357,"obstacle left, move right",very_near,far,"chair:0.64:596,484,842,979;chair:0.62:2,1007,450,1829"
358,"obstacle left, move right",very_near,far,"chair:0.75:595,485,843,972;chair:0.60:2,1021,447,1842"
359,"obstacle left, move right",very_near,far,"chair:0.63:591,474,839,878;chair:0.59:2,1040,444,1850"
360,"obstacle left, move right",very_near,far,"chair:0.69:590,477,841,914;chair:0.58:2,718,440,1862;chair:0.56:2,1056,440,1869;chair:0.45:525,451,631,804"
361,"obstacle left, move right",very_near,far,"chair:0.76:586,469,842,922;chair:0.61:1,757,435,1882;chair:0.54:516,447,634,803"
362,"obstacle left, move right",very_near,far,"chair:0.74:586,468,840,919;chair:0.56:525,452,635,798;chair:0.48:3,1024,433,1895"
363,"obstacle left, move right",very_near,far,"chair:0.69:4,1045,431,1904;chair:0.68:580,475,840,911;chair:0.51:522,451,634,801"
364,"obstacle left, move right",very_near,far,"chair:0.75:573,472,839,920;chair:0.61:6,1054,431,1906;chair:0.55:518,449,631,803"
365,"obstacle left, move right",very_near,far,"chair:0.72:571,469,839,923;chair:0.56:514,448,628,802;chair:0.51:5,1065,428,1914"
366,"obstacle left, move right",very_near,far,"chair:0.73:576,464,840,949;chair:0.70:3,1068,429,1915;chair:0.54:509,447,629,807"
367,"obstacle left, move right",very_near,far,"chair:0.76:569,464,840,921;chair:0.70:2,1070,428,1915;chair:0.44:508,448,629,809"
368,"obstacle left, move right",very_near,far,"chair:0.70:1,1074,428,1913;chair:0.70:572,460,841,929;chair:0.55:505,449,627,805;chair:0.43:1,716,330,1201"
369,"obstacle left, move right",very_near,far,"chair:0.81:1,1070,427,1913;chair:0.75:568,467,842,990;chair:0.51:505,447,626,806;chair:0.49:0,718,327,1198"
370,"obstacle left, move right",very_near,far,"chair:0.82:1,1078,426,1914;chair:0.80:563,464,846,982;chair:0.52:0,719,324,1200;chair:0.43:506,446,627,811"
371,"obstacle left, move right",very_near,far,"chair:0.82:563,464,848,986;chair:0.73:1,1084,425,1913;chair:0.46:504,446,626,810"
372,"obstacle left, move right",very_near,far,"chair:0.80:566,462,847,984;chair:0.79:1,1089,424,1914;chair:0.49:502,445,625,822;chair:0.44:1,723,319,1210"
373,"obstacle left, move right",very_near,far,"chair:0.84:1,1095,423,1915;chair:0.79:564,462,850,970;chair:0.52:500,442,624,826;chair:0.48:1,725,317,1213"
374,"obstacle left, move right",very_near,far,"chair:0.79:565,461,850,976;chair:0.75:2,1091,422,1913;chair:0.54:500,444,624,823;chair:0.45:0,724,316,1219"
375,"obstacle left, move right",very_near,far,"chair:0.82:567,464,852,995;chair:0.57:1,1113,421,1912;chair:0.53:501,445,624,823;chair:0.44:0,725,314,1221"
376,"obstacle left, move right",very_near,far,"chair:0.80:565,461,853,985;chair:0.66:2,1119,419,1913;chair:0.52:501,443,624,816;chair:0.47:1,730,311,1223"
377,"obstacle left, move right",very_near,far,"chair:0.79:563,456,854,998;chair:0.63:3,1117,418,1911;chair:0.46:500,437,623,812;chair:0.45:1,732,308,1237"
378,"obstacle left, move right",very_near,far,"chair:0.84:561,457,855,1002;chair:0.66:3,1125,417,1912;chair:0.54:1,729,306,1243;chair:0.48:500,437,622,807"
379,"obstacle left, move right",very_near,far,"chair:0.84:560,458,857,999;chair:0.68:2,1132,417,1914;chair:0.47:501,440,621,821;chair:0.45:1,731,305,1245"
380,"obstacle left, move right",very_near,far,"chair:0.85:563,459,859,1001;chair:0.51:2,1154,414,1910;chair:0.48:500,439,623,831"
381,"obstacle left, move right",very_near,far,"chair:0.83:560,455,859,997;chair:0.52:499,438,623,825;chair:0.43:2,1160,413,1912"
382,"obstacle left, move right",very_near,far,"chair:0.84:556,452,860,998;chair:0.47:1,733,293,1258;chair:0.46:502,437,621,819;chair:0.45:2,1161,411,1914"
383,"obstacle left, move right",very_near,far,"chair:0.85:555,450,862,996;chair:0.53:1,736,291,1259;chair:0.52:3,1160,408,1913;chair:0.42:501,436,618,820"
384,"obstacle left, move right",very_near,far,"chair:0.86:557,454,862,996;chair:0.53:495,434,620,815;chair:0.50:1,735,286,1266;chair:0.42:4,1178,408,1913"
385,path clear,near,far,"chair:0.86:556,450,862,995;chair:0.47:2,736,282,1272;chair:0.47:493,435,620,818"
386,path clear,far,far,"chair:0.84:555,448,863,990;chair:0.44:493,433,619,805"
387,path clear,far,far,"chair:0.83:550,448,863,952;chair:0.64:489,431,621,803"
388,path clear,far,far,"chair:0.81:555,443,863,971;chair:0.67:486,431,621,810"
389,path clear,far,far,"chair:0.80:552,446,863,939;chair:0.51:485,431,620,816"
390,path clear,far,far,"chair:0.85:555,446,864,983;chair:0.63:483,431,621,812"
391,path clear,far,far,"chair:0.84:551,449,865,962;chair:0.63:482,430,614,813"
392,path clear,far,far,"chair:0.83:551,449,864,945;chair:0.57:481,430,617,815"
393,path clear,far,far,"chair:0.85:550,448,866,935;chair:0.59:480,428,620,820"
394,"obstacle left, move right",very_near,far,"chair:0.86:551,450,869,953;chair:0.61:479,428,618,825;chair:0.49:3,1208,381,1919"
395,path clear,far,far,"chair:0.87:551,452,870,950;chair:0.63:480,428,618,824"
396,path clear,far,near,"chair:0.85:554,448,870,1002;chair:0.64:479,427,615,820"
397,path clear,far,far,"chair:0.87:555,449,870,992;chair:0.62:478,426,615,824"
398,path clear,far,far,"chair:0.86:555,450,871,1000;chair:0.67:477,424,613,829"
399,path clear,far,far,"chair:0.87:553,451,874,998;chair:0.69:477,425,612,829"
400,path clear,far,far,"chair:0.87:552,451,878,998;chair:0.68:476,424,612,821"
401,path clear,far,far,"chair:0.87:551,450,879,994;chair:0.68:476,424,614,817"
402,path clear,far,far,"chair:0.84:552,446,879,983;chair:0.67:474,422,615,818"
403,path clear,far,near,"chair:0.88:551,444,881,1015;chair:0.65:474,420,616,830"
404,path clear,far,far,"chair:0.85:550,444,883,982;chair:0.63:472,419,614,831"
405,path clear,far,near,"chair:0.89:550,443,887,1010;chair:0.65:473,419,614,830"
406,path clear,far,far,"chair:0.88:553,443,890,986;chair:0.63:475,421,615,831"
407,path clear,far,far,"chair:0.85:551,443,892,968;chair:0.63:475,421,616,830"
408,path clear,far,near,"chair:0.85:550,442,896,1003;chair:0.59:474,417,614,838"
409,path clear,near,near,"chair:0.83:551,443,900,1012;chair:0.56:473,413,613,841;chair:0.42:0,820,213,1455"
410,path clear,far,near,"chair:0.84:551,442,902,999;chair:0.62:471,413,615,845"
411,path clear,far,far,"chair:0.83:551,441,908,991;chair:0.65:474,415,612,844"
412,path clear,far,far,"chair:0.80:552,444,912,982;chair:0.60:475,413,612,843"
413,path clear,far,far,"chair:0.84:553,440,915,967;chair:0.68:474,413,614,847"
414,path clear,far,far,"chair:0.85:551,440,918,978;chair:0.68:474,410,616,847"
415,path clear,far,near,"chair:0.86:553,434,921,1012;chair:0.67:473,410,618,848"
416,path clear,far,near,"chair:0.88:553,435,925,1023;chair:0.68:471,404,623,841"
417,path clear,far,near,"chair:0.90:555,436,931,1034;chair:0.75:470,402,626,856"
418,path clear,far,near,"chair:0.89:556,434,937,1038;chair:0.72:471,399,621,838"
419,path clear,far,near,"chair:0.91:551,425,940,1039;chair:0.64:473,397,610,832"
420,path clear,far,near,"chair:0.91:551,423,944,1045;chair:0.70:471,392,611,846"
421,path clear,far,near,"chair:0.90:553,425,949,1038;chair:0.61:473,391,604,836"
422,path clear,far,near,"chair:0.90:553,424,955,1036;chair:0.60:475,392,598,828"
423,path clear,far,near,"chair:0.91:553,424,958,1036;chair:0.62:476,390,604,833"
424,path clear,far,near,"chair:0.90:551,421,964,1039;chair:0.66:475,389,609,834"
425,path clear,far,near,"chair:0.91:553,424,964,1042;chair:0.66:474,388,613,840"
426,path clear,far,near,"chair:0.91:553,419,968,1045;chair:0.62:472,388,614,844"
427,path clear,far,near,"chair:0.91:559,419,974,1051;chair:0.63:472,387,615,850"
428,path clear,far,near,"chair:0.89:560,418,977,1046;chair:0.61:472,387,613,841"
429,path clear,far,near,"chair:0.89:559,416,979,1048;chair:0.53:471,387,606,842"
430,path clear,far,near,"chair:0.90:563,416,980,1051;chair:0.54:470,386,599,855"
431,path clear,far,near,"chair:0.90:563,418,977,1053;chair:0.60:469,386,601,855"
432,path clear,far,near,"chair:0.91:565,420,983,1057;chair:0.58:470,386,598,853"
433,path clear,far,near,"chair:0.92:564,419,984,1061;chair:0.64:468,385,604,847"
434,path clear,far,near,"chair:0.92:567,418,987,1066;chair:0.57:470,385,598,859"
435,path clear,far,near,"chair:0.93:564,416,989,1069;chair:0.62:470,384,599,856"
436,path clear,far,near,"chair:0.92:564,418,990,1066;chair:0.64:467,382,604,855"
437,path clear,far,near,"chair:0.92:563,416,994,1071;chair:0.57:466,376,603,852"
438,path clear,far,near,"chair:0.92:562,414,994,1071;chair:0.55:468,379,607,852"
439,path clear,far,near,"chair:0.91:563,415,993,1075;chair:0.62:467,376,612,855"
440,path clear,far,near,"chair:0.89:563,413,995,1072;chair:0.59:469,374,619,858"
441,path clear,far,near,"chair:0.89:565,413,997,1075;chair:0.62:468,373,623,862"
442,path clear,far,near,"chair:0.91:569,410,1003,1080;chair:0.63:469,369,622,871"
443,path clear,far,near,"chair:0.90:570,411,1003,1080;chair:0.62:468,368,620,869"
444,path clear,far,near,"chair:0.89:570,409,1004,1080;chair:0.58:468,370,618,867;tv:0.40:5,1704,150,1919"
445,path clear,far,near,"chair:0.91:572,410,1008,1088;chair:0.63:467,360,620,859"
446,path clear,far,near,"chair:0.91:575,409,1011,1085;chair:0.65:467,361,624,857"
447,path clear,far,near,"chair:0.90:575,410,1015,1087;chair:0.65:469,356,617,821"
448,path clear,far,near,"chair:0.92:578,408,1021,1089;chair:0.61:467,355,617,854;chair:0.40:688,290,811,353"
449,path clear,far,near,"chair:0.91:578,412,1020,1088;chair:0.63:470,355,614,813"
450,path clear,far,near,"chair:0.92:580,402,1024,1090;chair:0.60:469,356,611,838"
451,path clear,far,near,"chair:0.93:579,397,1025,1095;chair:0.64:467,352,613,843;tv:0.44:273,194,371,324"
452,path clear,far,near,"chair:0.92:581,393,1027,1097;chair:0.63:469,353,614,809;tv:0.47:271,191,371,321"
453,path clear,far,near,"chair:0.93:580,391,1030,1102;chair:0.65:469,349,612,802;tv:0.43:271,186,371,319"
454,path clear,far,near,"chair:0.93:583,393,1034,1098;chair:0.64:468,346,614,807"
455,path clear,far,near,"chair:0.92:582,389,1043,1113;chair:0.67:468,347,613,805"
456,path clear,far,near,"chair:0.88:584,388,1043,1118;chair:0.66:468,345,611,805"
457,path clear,far,near,"chair:0.90:582,384,1046,1117;chair:0.63:468,341,612,800"
458,path clear,far,near,"chair:0.86:582,385,1049,1060;chair:0.62:469,343,612,798;tv:0.48:271,176,374,307"
459,path clear,far,near,"chair:0.89:581,382,1046,1118;chair:0.64:469,341,610,793"
460,path clear,far,near,"chair:0.92:582,379,1049,1114;chair:0.60:468,341,612,800"
461,path clear,far,near,"chair:0.91:578,376,1050,1113;chair:0.58:469,337,609,812"
462,path clear,far,near,"chair:0.90:577,375,1053,1117;chair:0.50:467,327,612,805"
463,path clear,far,near,"chair:0.90:572,371,1055,1117;chair:0.58:467,329,613,810"
464,path clear,far,near,"chair:0.91:575,370,1054,1118;chair:0.64:468,321,618,858"
465,path clear,far,near,"chair:0.89:578,371,1056,1125;chair:0.60:467,324,618,863"
466,path clear,far,near,"chair:0.88:581,372,1058,1124;chair:0.58:466,319,620,869"
467,path clear,far,near,"chair:0.86:584,371,1055,1127;chair:0.56:467,312,616,772;tv:0.43:263,152,368,285"
468,path clear,far,near,"chair:0.88:584,373,1053,1129;tv:0.48:263,151,368,281;chair:0.45:467,313,607,767"
469,path clear,far,near,"chair:0.92:585,374,1058,1134;tv:0.52:263,147,367,281;chair:0.47:466,311,617,853"
470,path clear,far,near,"chair:0.92:584,372,1059,1136;chair:0.51:467,310,614,783;tv:0.51:263,146,368,286"
471,path clear,far,near,"chair:0.91:583,372,1060,1140;chair:0.48:467,313,612,785;tv:0.44:262,144,368,280"
472,path clear,far,near,"chair:0.90:581,368,1063,1139;chair:0.57:464,309,612,786;tv:0.48:261,141,366,277"
473,path clear,far,near,"chair:0.87:578,369,1067,1138;chair:0.47:464,306,614,773"
474,path clear,far,near,"chair:0.81:586,369,1071,1138;chair:0.49:465,310,617,858"
475,path clear,far,near,"chair:0.79:585,367,1072,1145;chair:0.53:465,310,621,855;tv:0.51:260,132,370,277"
476,path clear,far,near,"chair:0.84:585,366,1072,1149;chair:0.59:467,309,621,853"
477,path clear,far,near,"chair:0.90:589,358,1074,1150;chair:0.58:469,308,626,826"
478,path clear,far,near,"chair:0.90:590,354,1075,1151;chair:0.58:466,310,627,804"
479,path clear,far,near,"chair:0.86:592,349,1077,1150;chair:0.56:468,308,636,804"
480,path clear,far,near,"chair:0.86:594,348,1077,1149;chair:0.63:469,290,649,806;chair:0.41:942,232,1033,282"
481,path clear,far,near,"chair:0.85:596,341,1076,1147;chair:0.50:470,303,650,784"
482,path clear,far,near,"chair:0.84:595,344,1077,1146;chair:0.54:471,298,640,799;tv:0.41:264,104,370,237"
483,path clear,far,near,"chair:0.88:595,341,1076,1145;chair:0.58:470,290,636,801"
484,path clear,far,near,"chair:0.84:595,333,1075,1146;chair:0.46:472,280,631,760;tv:0.44:265,100,373,230"
485,path clear,far,near,"chair:0.72:594,331,1076,1152;chair:0.53:470,259,631,764;tv:0.48:260,83,376,224"
486,path clear,far,near,"chair:0.62:597,333,1073,1047;chair:0.61:475,271,657,770;tv:0.41:262,78,377,218"
487,path clear,far,near,"chair:0.73:600,325,1075,1007;chair:0.58:474,257,643,769"
488,path clear,far,near,"chair:0.76:603,313,1076,1013;chair:0.60:477,241,657,770"
489,path clear,far,near,"chair:0.71:605,319,1076,987;chair:0.49:484,247,632,749;chair:0.40:976,172,1069,224"
490,path clear,far,near,"chair:0.74:608,311,1073,979;chair:0.52:485,245,659,751"
491,path clear,far,near,"chair:0.83:613,306,1075,1048;chair:0.60:486,234,634,758"
492,path clear,far,near,"chair:0.76:612,284,1074,977;chair:0.55:493,241,664,733"
493,path clear,far,near,"chair:0.75:617,284,1076,977;chair:0.56:492,232,667,735"
494,path clear,far,near,"chair:0.71:612,275,1077,989;chair:0.56:497,218,677,738"
495,path clear,far,near,"chair:0.83:621,268,1080,1120;chair:0.47:498,214,659,740"
496,path clear,clear,near,"chair:0.89:629,267,1078,1112"
497,path clear,far,near,"chair:0.84:630,257,1079,1112;chair:0.51:497,176,654,770"
498,path clear,far,near,"chair:0.83:632,243,1078,1089;chair:0.52:499,178,696,764"
499,path clear,far,near,"chair:0.90:635,240,1079,1098;chair:0.55:498,180,700,746"
500,path clear,far,near,"chair:0.87:634,229,1080,1096;chair:0.49:502,172,662,708"
501,path clear,clear,near,"chair:0.90:632,220,1080,1091"
502,path clear,clear,near,"chair:0.78:632,208,1080,1085"
503,path clear,far,near,"chair:0.88:630,186,1080,1078;chair:0.42:497,132,643,672"
504,path clear,far,near,"chair:0.84:628,169,1077,1065;chair:0.47:491,112,632,675"
505,path clear,clear,near,"chair:0.86:627,148,1079,1051"
506,path clear,clear,near,"chair:0.65:624,132,1077,970"
507,path clear,clear,near,"chair:0.71:606,77,1079,858"
508,path clear,clear,near,"chair:0.82:598,42,1079,1010"
509,path clear,clear,near,"chair:0.85:569,7,1080,988"
510,path clear,clear,near,"chair:0.66:611,24,1078,908"
511,path clear,clear,near,"chair:0.59:605,1,1076,765"
512,path clear,clear,near,"chair:0.85:598,4,1080,951"
513,path clear,far,near,"chair:0.87:608,0,1078,932;chair:0.44:476,1,659,484"
514,path clear,clear,near,"chair:0.82:598,0,1077,924"
515,path clear,far,near,"chair:0.73:590,0,1078,903;chair:0.43:477,0,663,458"
516,path clear,far,near,"chair:0.81:586,0,1079,890;chair:0.47:478,0,651,541"
517,path clear,far,near,"chair:0.82:580,0,1078,888;chair:0.44:480,1,644,532"
518,path clear,far,far,"chair:0.70:572,0,1075,675;chair:0.44:476,0,636,533"
519,path clear,far,far,"chair:0.70:570,0,1074,675;chair:0.48:476,0,642,508"
520,path clear,far,far,"chair:0.79:566,0,1078,668;chair:0.47:477,2,641,503"
521,path clear,clear,near,"chair:0.79:564,0,1080,861"
522,path clear,clear,near,"chair:0.81:558,0,1079,821"
523,path clear,clear,near,"chair:0.85:554,0,1080,839"
524,path clear,clear,near,"chair:0.85:552,0,1080,838"
525,path clear,clear,near,"chair:0.73:541,1,1080,799"
526,path clear,clear,far,"chair:0.64:542,0,1079,728"
527,path clear,clear,far,"chair:0.51:538,0,1079,631"
528,path clear,clear,near,"chair:0.72:530,1,1078,813"
529,path clear,clear,near,"chair:0.62:522,1,1079,819"
530,path clear,clear,far,"chair:0.50:506,0,1079,623"
531,path clear,clear,clear,
532,path clear,clear,clear,
533,path clear,clear,clear,
534,path clear,clear,clear,
535,path clear,clear,clear,
536,path clear,clear,clear,
537,path clear,clear,clear,
538,path clear,clear,clear,
539,path clear,clear,clear,
540,path clear,clear,clear,
541,path clear,clear,clear,
542,path clear,clear,clear,
543,path clear,clear,clear,
544,path clear,clear,near,"chair:0.42:368,0,1014,807"
545,path clear,clear,clear,
546,path clear,clear,clear,
547,path clear,clear,clear,
548,path clear,clear,clear,
549,path clear,clear,clear,
550,path clear,clear,clear,
551,path clear,clear,clear,
552,path clear,clear,clear,
553,path clear,clear,clear,
554,path clear,clear,clear,
555,path clear,clear,clear,
556,path clear,clear,clear,
557,path clear,clear,clear,
558,path clear,clear,clear,
559,path clear,clear,clear,
560,path clear,clear,clear,
561,path clear,clear,clear,
562,path clear,clear,clear,
563,path clear,clear,clear,
564,path clear,clear,clear,
565,path clear,clear,clear,
566,path clear,clear,clear,
567,path clear,clear,clear,
568,path clear,clear,clear,
569,path clear,clear,clear,
570,path clear,clear,clear,
571,path clear,clear,clear,
572,path clear,clear,clear,
573,path clear,clear,clear,
574,path clear,clear,clear,
575,path clear,clear,clear,
576,path clear,clear,clear,
577,path clear,clear,clear,
578,path clear,clear,clear,
579,path clear,clear,clear,
580,path clear,clear,clear,
581,path clear,clear,clear,
582,path clear,clear,clear,
583,path clear,clear,clear,
584,path clear,clear,clear,
585,path clear,clear,clear,
586,path clear,clear,clear,
587,path clear,clear,far,"oven:0.56:764,0,1080,378"
588,path clear,clear,far,"oven:0.48:732,1,1080,389"
589,path clear,clear,far,"oven:0.71:703,0,1080,401"
590,path clear,clear,far,"oven:0.68:670,2,1080,411"
591,path clear,clear,far,"oven:0.50:645,5,1079,426"
592,path clear,clear,far,"oven:0.76:619,1,1080,438"
593,path clear,clear,far,"oven:0.68:595,1,1080,450"
594,path clear,clear,far,"oven:0.81:569,1,1079,459"
595,path clear,clear,far,"oven:0.76:543,1,1079,464"
596,path clear,clear,far,"oven:0.68:524,1,1080,472"
597,path clear,clear,far,"oven:0.42:509,1,1076,482"
598,path clear,clear,clear,
599,path clear,clear,far,"oven:0.80:465,0,1075,498"
600,path clear,clear,far,"oven:0.72:450,0,1068,507"
601,path clear,clear,far,"oven:0.71:431,1,1049,518"
602,path clear,clear,far,"oven:0.58:413,0,1023,530"
603,path clear,clear,far,"oven:0.61:396,1,1001,540"
604,path clear,clear,far,"oven:0.78:373,1,988,550"
605,path clear,clear,far,"oven:0.81:358,1,972,562"
606,path clear,far,far,"oven:0.85:340,1,955,572"
607,path clear,far,far,"oven:0.83:324,0,934,587"
608,path clear,far,far,"oven:0.79:305,0,916,596"
609,path clear,far,far,"oven:0.79:294,0,901,611"
610,path clear,far,far,"oven:0.78:284,1,889,623"
611,path clear,far,far,"oven:0.79:268,5,877,636"
612,path clear,far,far,"oven:0.86:258,3,870,651"
613,path clear,far,far,"oven:0.82:252,16,853,664"
614,path clear,far,far,"oven:0.82:240,9,842,676"
615,path clear,far,far,"oven:0.91:228,0,837,687"
616,path clear,far,far,"oven:0.93:217,0,832,701"
617,path clear,far,far,"oven:0.89:211,2,824,713"
618,path clear,far,far,"oven:0.90:203,2,815,724"
619,path clear,far,far,"oven:0.88:200,1,810,739"
620,path clear,far,far,"oven:0.72:194,66,794,753"
621,path clear,clear,clear,
622,path clear,near,near,"oven:0.45:190,5,790,790"
623,path clear,near,near,"oven:0.68:179,2,789,806"
624,path clear,near,near,"oven:0.66:183,1,789,823"
625,path clear,near,near,"oven:0.48:175,0,786,846"
626,path clear,near,near,"oven:0.53:173,0,786,865"
627,path clear,near,near,"oven:0.58:173,0,784,877"
628,path clear,near,near,"oven:0.61:169,0,783,898"
629,path clear,near,near,"oven:0.80:170,0,783,912"
630,path clear,near,near,"oven:0.91:167,1,781,928"
631,path clear,near,near,"oven:0.93:162,2,778,939"
632,path clear,near,near,"oven:0.93:163,9,778,950"
633,path clear,near,near,"oven:0.95:157,28,777,966"
634,path clear,near,near,"oven:0.96:156,41,777,977"
635,path clear,near,near,"oven:0.95:154,50,777,989"
636,path clear,near,near,"oven:0.94:154,59,776,999"
637,path clear,near,near,"oven:0.95:153,69,774,1005"
638,path clear,near,near,"oven:0.93:151,80,774,1017"
639,path clear,near,near,"oven:0.93:149,87,773,1038"
640,path clear,near,near,"oven:0.94:149,95,772,1048"
641,path clear,near,near,"oven:0.93:147,102,772,1060"
642,path clear,near,near,"oven:0.93:144,109,771,1070"
643,path clear,near,near,"oven:0.94:144,112,770,1059"
644,path clear,near,near,"oven:0.94:138,121,769,1064"
645,path clear,near,near,"oven:0.95:137,127,770,1070"
646,path clear,near,near,"oven:0.94:136,133,770,1077"
647,path clear,near,near,"oven:0.95:135,136,770,1086"
648,path clear,near,near,"oven:0.95:135,140,772,1094"
649,path clear,near,near,"oven:0.95:134,144,773,1099"
650,path clear,near,near,"oven:0.94:136,148,775,1106"
651,path clear,near,near,"oven:0.92:135,153,777,1112"
652,path clear,near,near,"oven:0.93:135,156,778,1121"
653,path clear,near,near,"oven:0.91:137,157,780,1133"
654,path clear,near,near,"oven:0.91:137,159,782,1141"
655,path clear,near,near,"oven:0.92:137,160,785,1145"
656,path clear,near,near,"oven:0.92:136,165,788,1158"
657,path clear,near,near,"oven:0.93:137,167,793,1146"
658,path clear,near,near,"oven:0.93:137,168,797,1150"
659,path clear,near,near,"oven:0.94:138,170,799,1157"
660,path clear,near,near,"oven:0.95:140,173,803,1162"
661,path clear,near,near,"oven:0.95:140,175,808,1168"
662,path clear,near,near,"oven:0.94:142,178,814,1177"
663,path clear,near,near,"oven:0.94:144,178,824,1184"
664,path clear,near,near,"oven:0.95:147,181,830,1189"
665,path clear,near,near,"oven:0.95:150,183,833,1195"
666,path clear,near,near,"oven:0.95:152,185,836,1202"
667,path clear,near,near,"oven:0.93:154,189,840,1210"
668,path clear,near,near,"oven:0.93:151,186,842,1218"
669,path clear,near,near,"oven:0.94:152,199,846,1237"
670,stop,very_near,very_near,"oven:0.96:153,208,848,1257"
671,stop,very_near,very_near,"oven:0.96:153,229,851,1269"
672,stop,very_near,very_near,"oven:0.93:154,240,856,1282"
673,stop,very_near,very_near,"oven:0.95:157,251,854,1296"
674,stop,very_near,very_near,"oven:0.93:156,259,861,1306"
675,stop,very_near,very_near,"oven:0.94:161,270,869,1316"
676,stop,very_near,very_near,"oven:0.94:158,276,873,1330"
677,stop,very_near,very_near,"oven:0.94:162,276,877,1334"
678,stop,very_near,very_near,"oven:0.94:166,282,882,1346"
679,stop,very_near,very_near,"oven:0.94:168,284,888,1351"
680,stop,very_near,very_near,"oven:0.95:168,285,893,1360"
681,stop,very_near,very_near,"oven:0.95:167,285,896,1364"
682,stop,very_near,very_near,"oven:0.96:170,285,900,1370"
683,stop,very_near,very_near,"oven:0.95:170,285,904,1375"
684,stop,very_near,very_near,"oven:0.96:170,288,910,1377"
685,stop,very_near,very_near,"oven:0.96:171,287,918,1379"
686,stop,very_near,very_near,"oven:0.96:172,287,923,1384"
687,stop,very_near,very_near,"oven:0.94:174,286,928,1386"
688,stop,very_near,very_near,"oven:0.96:176,285,934,1389"
689,stop,very_near,very_near,"oven:0.95:178,284,942,1390"
690,stop,very_near,very_near,"oven:0.95:178,283,948,1394"
691,stop,very_near,very_near,"oven:0.96:180,282,956,1398"
692,stop,very_near,very_near,"oven:0.96:184,282,963,1407"
693,stop,very_near,very_near,"oven:0.95:190,280,968,1417"
694,stop,very_near,very_near,"oven:0.95:193,277,978,1412"
695,stop,very_near,very_near,"oven:0.95:195,274,993,1425"
696,stop,very_near,very_near,"oven:0.94:202,274,1003,1430"
697,stop,very_near,very_near,"oven:0.94:207,272,1014,1441"
698,stop,very_near,very_near,"oven:0.94:214,268,1025,1440"
699,stop,very_near,very_near,"oven:0.95:220,264,1041,1446"
700,stop,very_near,very_near,"oven:0.94:227,261,1054,1442"
701,"obstacle right, move left",clear,very_near,"oven:0.94:233,260,1074,1448"
702,"obstacle right, move left",clear,very_near,"oven:0.94:245,245,1076,1478"
703,"obstacle right, move left",clear,very_near,"oven:0.93:255,230,1077,1485"
704,"obstacle right, move left",clear,very_near,"oven:0.93:261,258,1076,1466"
705,"obstacle right, move left",clear,very_near,"oven:0.92:268,238,1079,1481"
706,"obstacle right, move left",clear,very_near,"oven:0.91:278,232,1079,1476"
707,"obstacle right, move left",clear,very_near,"oven:0.92:287,224,1078,1464"
708,"obstacle right, move left",clear,very_near,"oven:0.92:292,250,1080,1469"
709,"obstacle right, move left",clear,very_near,"oven:0.89:306,252,1080,1469"
710,"obstacle right, move left",clear,very_near,"oven:0.90:314,250,1079,1461"
711,"obstacle right, move left",clear,very_near,"oven:0.90:326,243,1080,1447"
712,"obstacle right, move left",clear,very_near,"oven:0.88:335,238,1080,1464"
713,"obstacle right, move left",clear,very_near,"oven:0.87:342,239,1080,1458"
714,"obstacle right, move left",clear,very_near,"oven:0.85:349,235,1080,1468"
715,"obstacle right, move left",clear,very_near,"oven:0.89:359,239,1080,1466"
716,"obstacle right, move left",clear,very_near,"oven:0.83:372,239,1080,1470"
717,"obstacle right, move left",clear,very_near,"oven:0.83:382,238,1080,1474"
718,"obstacle right, move left",clear,very_near,"oven:0.76:395,237,1080,1526"
719,"obstacle right, move left",clear,very_near,"oven:0.71:412,238,1080,1533;oven:0.49:416,584,1080,1630"
720,"obstacle right, move left",clear,very_near,"oven:0.74:425,239,1080,1518;oven:0.44:429,563,1080,1637"
721,"obstacle right, move left",far,very_near,"oven:0.74:441,243,1080,1572;sink:0.43:0,490,199,579"
722,"obstacle right, move left",far,very_near,"oven:0.74:457,304,1080,1575;sink:0.60:0,486,224,585"
723,"obstacle right, move left",far,very_near,"oven:0.69:474,263,1080,1585;sink:0.55:2,485,241,584;sink:0.45:1,491,196,577"
724,"obstacle right, move left",far,very_near,"oven:0.79:489,242,1080,1572;sink:0.57:2,484,238,584"
725,"obstacle right, move left",far,very_near,"oven:0.75:508,330,1080,1560;sink:0.60:2,479,261,587"
726,"obstacle right, move left",far,very_near,"sink:0.61:2,480,262,586;oven:0.61:523,511,1080,1683"
727,"obstacle right, move left",far,very_near,"oven:0.75:535,346,1080,1615;sink:0.65:2,478,279,586"
728,"obstacle right, move left",far,very_near,"sink:0.67:2,475,300,585;oven:0.63:546,415,1080,1626"
729,"obstacle right, move left",far,very_near,"sink:0.69:2,471,318,585;oven:0.57:562,322,1080,1640"
730,"obstacle right, move left",far,very_near,"sink:0.80:5,473,336,583;oven:0.59:582,481,1080,1697"
731,"obstacle right, move left",far,very_near,"sink:0.79:2,469,344,582;oven:0.55:596,477,1080,1672"
732,"obstacle right, move left",far,very_near,"sink:0.80:4,465,366,583;oven:0.65:613,533,1079,1728"
733,"obstacle right, move left",far,very_near,"sink:0.75:3,460,385,582;oven:0.64:628,664,1079,1735"
734,"obstacle right, move left",far,very_near,"sink:0.81:1,460,396,580;oven:0.78:644,663,1080,1745"
735,"obstacle right, move left",far,very_near,"sink:0.76:1,453,433,582;oven:0.74:659,653,1080,1752"
736,"obstacle right, move left",far,very_near,"sink:0.78:2,456,443,581;oven:0.77:677,661,1080,1758"
737,"obstacle right, move left",far,very_near,"sink:0.76:0,454,467,583;oven:0.71:694,669,1080,1766"
738,"obstacle right, move left",far,very_near,"sink:0.80:1,455,488,583;oven:0.78:706,570,1080,1798"
739,"obstacle right, move left",far,very_near,"oven:0.82:716,561,1080,1832;sink:0.79:1,458,494,584"
740,"obstacle right, move left",far,very_near,"oven:0.81:736,556,1079,1852;sink:0.76:2,459,519,584"
741,"obstacle right, move left",far,very_near,"oven:0.86:751,573,1078,1836;sink:0.72:3,461,541,587"
742,"obstacle right, move left",far,very_near,"oven:0.87:772,586,1077,1836;sink:0.76:6,459,581,592"
743,"obstacle right, move left",far,very_near,"oven:0.90:784,599,1077,1853;sink:0.74:20,461,590,594"
744,"obstacle right, move left",far,very_near,"oven:0.85:795,613,1078,1836;sink:0.72:43,461,611,596"
745,"obstacle right, move left",far,very_near,"oven:0.82:804,634,1078,1840;sink:0.75:72,461,638,600"
746,"obstacle right, move left",far,very_near,"oven:0.73:830,660,1079,1850;sink:0.71:97,461,681,604"
747,"obstacle right, move left",far,very_near,"sink:0.74:136,460,689,603;refrigerator:0.62:849,678,1077,1828"
748,"obstacle right, move left",far,very_near,"refrigerator:0.76:877,699,1078,1821;sink:0.67:155,462,723,604"
749,path clear,far,far,"sink:0.75:187,461,743,606"
750,path clear,far,far,"sink:0.78:212,461,782,611"
751,path clear,far,far,"sink:0.68:242,464,800,611"
752,path clear,far,far,"sink:0.68:266,461,854,615"
753,path clear,far,far,"sink:0.74:284,464,880,618"
754,path clear,far,far,"sink:0.71:307,468,892,620"
755,path clear,far,far,"sink:0.70:341,470,930,622"
756,path clear,clear,far,"sink:0.72:369,466,981,624"
757,path clear,clear,far,"sink:0.80:390,468,982,626"
758,path clear,clear,far,"sink:0.71:420,467,1040,626"
759,path clear,clear,far,"sink:0.70:438,469,1056,627"
760,path clear,clear,far,"sink:0.78:469,471,1074,628"
761,path clear,clear,far,"sink:0.76:486,470,1076,630"
762,path clear,clear,far,"sink:0.73:525,468,1080,629"
763,path clear,clear,far,"sink:0.72:553,466,1080,630"
764,path clear,clear,far,"sink:0.70:578,467,1079,629"
765,path clear,near,far,"sink:0.69:597,469,1080,632;oven:0.46:248,458,477,1112"
766,path clear,clear,far,"sink:0.68:631,465,1079,632"
767,path clear,clear,far,"sink:0.72:648,470,1080,631"
768,path clear,clear,far,"sink:0.70:669,469,1080,633"
769,path clear,near,near,"sink:0.67:699,469,1080,631;oven:0.62:355,450,567,1109"
770,path clear,near,near,"sink:0.63:707,472,1080,633;oven:0.55:376,450,594,1110"
771,path clear,near,near,"sink:0.66:751,472,1080,633;oven:0.53:404,450,604,1109"
772,path clear,near,near,"oven:0.57:426,450,628,1110;sink:0.42:788,476,1079,631;person:0.41:124,272,245,366"
773,path clear,near,near,"oven:0.69:454,447,649,1110;person:0.56:152,270,273,365"
774,path clear,near,near,"oven:0.72:473,444,673,1109;person:0.49:179,269,302,363"
775,path clear,near,near,"person:0.49:211,268,327,359;oven:0.42:496,444,705,1110"
776,path clear,near,near,"oven:0.53:519,441,715,1110"
777,path clear,near,near,"oven:0.57:541,444,738,1112"
778,path clear,far,near,"oven:0.71:562,437,766,1111;person:0.44:287,261,409,358"
779,path clear,near,near,"person:0.59:313,260,433,352;chair:0.43:2,459,197,1056;oven:0.41:585,437,797,1113"
780,path clear,far,clear,"person:0.62:337,257,456,350"
781,path clear,far,clear,"person:0.51:363,255,482,347"
782,path clear,far,near,"person:0.58:388,253,506,346;oven:0.44:648,433,839,1115"
783,path clear,far,far,"person:0.55:414,251,529,344"
784,path clear,near,far,"person:0.52:433,248,552,344;chair:0.47:1,427,291,1110;couch:0.42:66,278,642,632"
785,path clear,far,far,"person:0.56:456,247,572,343"
786,path clear,far,far,"person:0.46:470,245,591,341"
787,path clear,far,far,"person:0.59:491,243,610,337"
788,path clear,far,far,"person:0.59:510,243,626,337"
789,path clear,far,far,"person:0.56:525,243,643,334"
790,path clear,far,near,"person:0.57:540,240,660,335;refrigerator:0.55:769,409,1078,1141;oven:0.52:768,410,1080,1117"
791,path clear,far,near,"refrigerator:0.69:780,416,1067,1115;oven:0.57:780,414,1080,1119;person:0.48:550,238,675,332"
792,path clear,near,near,"refrigerator:0.53:790,413,1074,1117;chair:0.53:3,463,400,1058;person:0.46:571,236,688,328;oven:0.42:791,409,1079,1120"
793,path clear,near,near,"person:0.57:579,233,703,327;refrigerator:0.53:803,410,1075,1118;chair:0.48:3,462,403,1063"
794,path clear,near,near,"person:0.65:597,231,717,326;refrigerator:0.55:812,412,1074,1117;chair:0.44:4,460,411,1034"
795,path clear,near,near,"refrigerator:0.63:823,408,1077,1122;chair:0.55:1,455,425,1066;person:0.53:608,231,730,323;oven:0.46:822,412,1078,1122"
796,path clear,clear,near,"refrigerator:0.65:829,408,1077,1120;person:0.49:623,228,741,323"
797,path clear,clear,near,"person:0.47:627,226,752,321;refrigerator:0.45:839,403,1077,1120"
798,path clear,clear,near,"person:0.52:639,223,760,320;refrigerator:0.43:848,405,1077,1118"
799,path clear,far,far,"couch:0.54:275,234,837,532;person:0.48:649,221,770,319"
800,path clear,clear,near,"person:0.54:654,220,779,318;oven:0.54:856,407,1079,1125"
801,path clear,clear,near,"person:0.60:669,220,785,316;oven:0.55:862,401,1080,1126;refrigerator:0.54:862,400,1079,1130"
802,path clear,near,near,"refrigerator:0.67:871,400,1079,1125;person:0.61:674,219,793,314;oven:0.57:872,401,1079,1124;chair:0.46:1,363,476,1047"
803,path clear,near,near,"person:0.60:678,217,802,312;refrigerator:0.59:872,397,1078,1119;chair:0.53:9,359,479,1039;oven:0.50:873,394,1079,1120"
804,path clear,near,near,"person:0.67:684,216,807,310;refrigerator:0.58:872,399,1078,1113;chair:0.57:1,360,484,1002;oven:0.47:876,401,1078,1114"
805,path clear,near,near,"person:0.67:690,212,813,309;refrigerator:0.67:882,398,1079,1120;oven:0.60:885,399,1079,1119;chair:0.47:0,352,491,985"
806,path clear,near,near,"oven:0.64:886,395,1079,1113;refrigerator:0.63:884,396,1079,1113;chair:0.56:1,351,494,976;person:0.54:697,210,819,307"
807,path clear,near,near,"person:0.61:703,208,826,304;refrigerator:0.56:892,392,1078,1111;chair:0.53:0,353,500,973"
808,path clear,near,near,"refrigerator:0.58:897,386,1079,1109;chair:0.55:0,350,501,985;person:0.55:710,206,829,303"
809,path clear,near,far,"chair:0.71:0,350,506,979;person:0.56:714,204,835,301;chair:0.43:0,350,513,697"
810,path clear,near,far,"chair:0.63:0,348,510,977;person:0.46:720,203,841,299"
811,path clear,near,far,"chair:0.56:4,339,514,979;person:0.51:722,200,848,297"
812,path clear,clear,far,"person:0.59:726,198,852,295"
813,path clear,clear,far,"person:0.61:735,196,859,295"
814,path clear,near,far,"person:0.72:744,195,864,292;chair:0.42:9,330,532,1015"
815,path clear,clear,far,"person:0.53:746,192,873,289"
816,path clear,clear,far,"person:0.46:754,189,877,286"
817,path clear,clear,far,"person:0.43:761,186,883,284"
818,path clear,clear,far,"person:0.68:765,184,889,282"
819,path clear,clear,far,"person:0.66:768,181,894,280"
820,path clear,clear,far,"person:0.59:772,182,899,278"
821,path clear,clear,far,"person:0.63:775,180,902,278"
822,path clear,clear,far,"person:0.66:782,176,907,276"
823,path clear,clear,far,"person:0.66:785,174,911,274"
824,path clear,clear,far,"person:0.67:790,172,913,273"
825,path clear,clear,far,"person:0.68:792,171,914,272"
826,path clear,clear,far,"person:0.62:792,170,919,271"
827,path clear,clear,far,"person:0.62:795,169,923,268"
828,path clear,clear,far,"person:0.66:794,167,924,267"
829,path clear,clear,far,"person:0.62:795,164,925,264"
830,path clear,clear,far,"person:0.66:796,161,924,262"
831,path clear,clear,far,"person:0.59:802,161,924,260"
832,path clear,clear,far,"person:0.66:798,159,925,259"
833,path clear,clear,far,"person:0.66:801,157,925,261"
834,path clear,clear,far,"person:0.58:799,155,927,257"
835,path clear,far,far,"person:0.57:803,154,928,257;chair:0.40:187,524,555,1037"
836,path clear,clear,far,"person:0.59:803,153,930,255"
837,path clear,clear,far,"person:0.51:805,150,933,253"
838,path clear,clear,far,"person:0.57:806,150,935,252;person:0.40:809,152,984,255"
839,path clear,near,far,"person:0.58:807,150,936,252;chair:0.44:5,290,580,951"
840,path clear,clear,far,"person:0.61:810,149,938,251"
841,path clear,clear,far,"person:0.68:811,149,938,251"
842,path clear,clear,far,"person:0.60:811,148,940,250"
843,path clear,clear,far,"person:0.61:812,149,941,251"
844,path clear,clear,far,"person:0.62:813,149,943,252"
845,path clear,clear,far,"person:0.62:814,149,945,253"
846,path clear,near,far,"person:0.50:814,149,948,251;chair:0.46:4,299,555,1005"
847,path clear,clear,far,"person:0.51:814,149,949,254"
848,path clear,near,far,"person:0.56:818,150,951,255;chair:0.44:1,297,555,970"
849,path clear,near,far,"person:0.57:815,150,952,256;chair:0.48:3,298,569,986"
850,path clear,near,far,"chair:0.57:3,298,578,969;person:0.57:819,150,955,257"
851,path clear,near,far,"chair:0.63:3,297,576,969;person:0.53:820,150,959,259"
852,path clear,near,far,"person:0.62:824,149,962,259;chair:0.62:3,299,566,973"
853,path clear,near,far,"chair:0.72:2,299,560,981;person:0.60:830,149,963,257"
854,path clear,near,far,"chair:0.68:2,299,568,982;person:0.65:832,149,964,257"
855,path clear,near,far,"person:0.59:834,149,968,258;chair:0.55:2,299,563,985"
856,path clear,near,far,"chair:0.73:2,297,563,989;person:0.59:832,149,971,258"
857,path clear,near,far,"chair:0.62:2,298,571,992;person:0.58:831,149,971,260;person:0.45:830,149,1030,261"
858,path clear,near,far,"person:0.50:834,148,975,260;person:0.46:834,149,1033,261;chair:0.45:1,297,560,1011"
859,path clear,near,far,"person:0.46:838,149,978,258;chair:0.43:1,297,559,1015"
860,path clear,near,far,"couch:0.48:428,170,1040,492;chair:0.45:1,297,557,1011;person:0.42:844,149,983,259"
861,path clear,clear,far,"couch:0.50:437,169,1033,477;person:0.41:848,149,987,257"
862,path clear,clear,far,"person:0.52:852,148,988,258"
863,path clear,clear,far,"person:0.53:857,147,992,254;couch:0.41:432,170,1021,465"
864,path clear,clear,far,"person:0.48:858,148,996,257"
865,path clear,clear,far,"person:0.44:859,148,1000,256"
866,path clear,clear,far,"person:0.48:860,147,1002,257"
867,path clear,clear,far,"person:0.56:863,148,1006,256"
868,path clear,clear,far,"person:0.62:866,148,1011,257"
869,path clear,clear,far,"person:0.59:873,148,1013,257"
870,path clear,clear,far,"person:0.61:877,147,1019,257;couch:0.42:455,168,1063,478"
871,path clear,clear,far,"person:0.53:880,147,1021,257;person:0.48:880,147,1075,261"
872,path clear,near,far,"person:0.64:880,147,1076,261;chair:0.45:1,294,551,1128"
873,path clear,clear,far,"person:0.54:886,147,1076,261"
874,path clear,clear,far,"person:0.55:897,147,1040,257"
875,path clear,clear,far,"person:0.55:901,147,1052,257"
876,path clear,clear,far,"person:0.57:905,148,1054,258"
877,path clear,clear,far,"person:0.66:906,148,1058,259"
878,path clear,clear,far,"person:0.67:911,149,1060,261"
879,path clear,clear,far,"person:0.67:918,150,1068,264"
880,path clear,clear,far,"person:0.70:920,151,1078,268;couch:0.43:484,173,969,480"
881,path clear,clear,far,"person:0.65:924,151,1078,265"
882,path clear,clear,far,"person:0.66:932,152,1080,266;couch:0.46:487,174,1000,468"
883,path clear,clear,far,"person:0.61:938,151,1080,269;couch:0.42:493,172,1028,468"
884,path clear,near,far,"person:0.56:941,153,1080,271;chair:0.46:3,311,574,1176;couch:0.40:503,171,1065,455"
885,path clear,near,far,"person:0.45:951,153,1079,271;couch:0.44:485,173,1064,471;chair:0.42:4,311,572,1187"
886,path clear,near,far,"chair:0.51:5,310,579,1187;person:0.47:954,154,1080,273;couch:0.42:504,169,1078,627"
887,path clear,near,far,"chair:0.68:7,312,578,1191;person:0.50:957,155,1080,273"
888,path clear,near,far,"chair:0.71:7,310,577,1192;person:0.46:959,156,1080,274"
889,path clear,near,far,"person:0.59:958,158,1080,274;chair:0.57:5,311,573,1176"
890,path clear,near,far,"chair:0.75:6,310,574,1194;person:0.60:960,160,1080,275;couch:0.44:514,171,1074,476"
891,path clear,near,far,"chair:0.75:7,310,577,1198;person:0.64:970,160,1080,275;couch:0.43:517,174,1070,458"
892,path clear,near,far,"chair:0.74:6,311,582,1201;person:0.56:971,162,1080,275;couch:0.54:522,169,1075,471"
893,path clear,near,far,"chair:0.69:7,311,583,1216;couch:0.53:523,171,1072,480;person:0.46:978,165,1079,275"
894,path clear,near,clear,"chair:0.71:7,313,583,1208"
895,path clear,near,far,"chair:0.73:8,313,580,1205;couch:0.65:533,174,1070,485"
